[
    {
        "name": "!info",
        "description": "Obten información de todos los comandos del bot",
        "usage": "!info",
        "example": "!info",
        "aliases": ["info", "información", "información", "help", "ayuda", "commands"],
        "category": "General"
    },
    {
        "name": "!pito",
        "description": "Deja que el bot adivine cuanto te mide el pito 🥵",
        "usage": "!pito",
        "example": "!pito",
        "aliases": [""],
        "category": "General"
    },
    {
        "name": "!pareja",
        "description": "Descubre cuanta probabilidad tienes de ser pareja con un usuario al azar del servidor 👀",
        "usage": "!pareja",
        "example": "!pareja",
        "aliases": [""],
        "category": "General"
    },
    {
        "name": "!pareja <@usuario>",
        "description": "Etiqueta a un usuario y descubre cuanta probabilidad tienes de ser pareja con el usuario ingresado 😈",
        "usage": "!pareja <@usuario>",
        "example": "!pareja @TuGfa",
        "aliases": [""],
        "category": "General"
    },
    {
        "name": "!volado",
        "description": "Aguila o Sello, no hay más que agregar",
        "usage": "!volado",
        "example": "!volado",
        "aliases": [""],
        "category": "General"
    },
    {
        "name": "!equipos",
        "description": "¿Cansado de no saber como formar equipos para la escuela? ¡Este comando te ayuda en eso! **Separa todo por un espacio**",
        "usage": "!equipos <participantes separados por espacio> <Cantidad de integrantes>",
        "example": "!equipos Malandro ElLic Jona Davic Alets ProfeChafa Andre 2",
        "aliases": [""],
        "category": "General"
    },
    {
        "name": "!ctm",
        "description": "Recuerdale al usuario su madresita",
        "usage": "!ctm <@usuario1> <@usuario2>...",
        "example": "!ctm @Cornejo",
        "aliases": [""],
        "category": "General"
    },
    {
        "name": "!morraschidas",
        "description": "( ͡° ͜ʖ ͡°)",
        "usage": "!morraschidas",
        "example": "!morraschidas",
        "aliases": ["morraschidas", "morras"],
        "category": "General"
    },
    {
        "name": "!monaschinas",
        "description": "Monas chinas By: Alex",
        "usage": "!monaschinas",
        "example": "!monaschinas",
        "aliases": ["monaschinas", "monas"],
        "category": "General"
    },
    {
        "name": "!server",
        "description": "Wacha la información de los servers actuales",
        "usage": "!server",
        "example": "!server",
        "aliases": ["servidor", "maicra", "minecraft"],
        "category": "General"
    },
    {
        "name": "!clima",
        "description": "Obten el clima del lugar que quieras **Se lo más especifico posible**",
        "usage": "!clima <lugar>",
        "example": "!clima Tepatitlan de Morelos",
        "aliases": ["temperatura", "temp"],
        "category": "General"
    },
    {
        "name": "!encuesta",
        "description": "Crea encuesta de manera fácil, solo **separa tanto la pregunta como las opciones con un punto <.>**",
        "usage": "!encuesta <pregunta>.<opcion1>.<opcion2>...",
        "example": "!encuesta Es un comando inutil?.Si.No",
        "aliases": ["poll"],
        "category": "General"
    },
    {
        "name": "!cornejo",
        "description": "Recuerdale su madresita a Cornejo",
        "usage": "!cornejo",
        "example": "!cornejo",
        "aliases": [""],
        "category": "General"
    },
    {
        "name": "!horacio",
        "description": "Que Chingue su madre el papá del Malandro",
        "usage": "!horacio",
        "example": "!horacio",
        "aliases": [""],
        "category": "General"
    },
    {
        "name": "!ctmpro",
        "description": "Eso no está pro",
        "usage": "!ctmpro",
        "example": "!ctmpro",
        "aliases": [""],
        "category": "General"
    },
    {
        "name": "!pro",
        "description": "¿Eso está pro? Aumenta el contador 😎",
        "usage": "!pro",
        "example": "!pro",
        "aliases": [""],
        "category": "General"
    },
    {
        "name": "!play",
        "description": "Pon una canción para escucharla 🎵 *Acepta el nombre de la canción o URL de Youtube o Spotify*",
        "usage": "!play <canción> | !play <URL>",
        "example": "!play la chona",
        "aliases": ["p"],
        "category": "Música"
    },
    {
        "name": "!queue",
        "description": "Ve la cola de reproducción (no lo uses si hay demasiadas canciones, **morirá el bot**)",
        "usage": "!queue",
        "example": "!queue",
        "aliases": ["q"],
        "category": "Música"
    },
    {
        "name": "!shuffle",
        "description": "Mezcla la cola de reproducción si no estás conforme con el orden",
        "usage": "!shuffle",
        "example": "!shuffle",
        "aliases": [""],
        "category": "Música"
    },
    {
        "name": "!nowplaying",
        "description": "Obtén la información de la canción que se esté escuchando",
        "usage": "!nowplaying",
        "example": "!nowplaying",
        "aliases": ["np"],
        "category": "Música"
    },
    {
        "name": "!skip",
        "description": "Quita alv la canción",
        "usage": "!skip",
        "example": "!skip",
        "aliases": ["s"],
        "category": "Música"
    },
    {
        "name": "!volume",
        "description": "Súbele o bájale, tú decides",
        "usage": "!volume <numero>",
        "example": "!volume 100",
        "aliases": ["v", "set", "set-volume"],
        "category": "Música"
    },
    {
        "name": "!repeat",
        "description": "Modo de repetir, por defecto es NO",
        "usage": "!repeat <no | song | queue>",
        "example": "!repeat song",
        "aliases": ["loop", "rp"],
        "category": "Música"
    },
    {
        "name": "!clear",
        "description": "Limpia la cola de reproducción (únicamente se quedará la que esté sonando en el momento)",
        "usage": "!clear",
        "example": "!clear",
        "aliases": [""],
        "category": "Música"
    },
    {
        "name": "!leave",
        "description": "No dejes al bot solo, sácalo del canal de voz",
        "usage": "!leave",
        "example": "!leave",
        "aliases": ["salte"],
        "category": "Música"
    },
    {
        "name": "!remind",
        "description": "¿Eres olvidadizo o no conoces las agendas? Deja que el bot lo recuerde por ti **NO SE PUEDE TAGEAR A BOTS, NO MMS** **NO LO USES RESPONDIENDO UN MENSAJE**",
        "usage": "!remind <usuario a quien recordar> <tiempo> <recordatorio>",
        "example": "!remind @TuGfa 15s Recordatorio mamalon",
        "aliases": ["recuerda", "recuerdame"],
        "category": "General"
    },
    {
        "name": "!blackjack",
        "description": "La experiencia de jugar 21 contra el dealer ahora en el servidor de Discord\n**Todo se controla con botones**",
        "usage": "!blackjack",
        "example": "!bj",
        "aliases": ["bj", "21", "veintiuno"],
        "category": "Juegos"
    },
    {
        "name": "!cita",
        "description": "¿Alguien se echó una frase digna de recordar? Usa este comando",
        "usage": "!cita <Frase que quieras citar> | !remind (respondiendo otro mensaje)",
        "example": "!cita Se lo juro",
        "aliases": ["quote", "frase", "citar"],
        "category": "General"
    }
]